<?xml version="1.0" encoding="UTF-8"?><idempiere Name="Mail Button" Version="1.0.1" idempiereVersion="" DataBaseVersion="" Description="The toolbar button record to enable the toolbar to be found by the system." Author="" AuthorEmail="phil@blindmotion.com.au" CreatedDate="2020-02-03 00:17:29.127" UpdatedDate="2020-02-03 00:17:29.127" PackOutVersion="100" UpdateDictionary="false" Client="0-SYSTEM-System" AD_Client_UU="11237b53-9592-4af1-b3c5-afd216514b5d">
    <AD_ToolBarButton type="table">
        <AD_Client_ID>0</AD_Client_ID>
        <AD_Org_ID>0</AD_Org_ID>
        <ComponentName>Mailbtn</ComponentName>
        <IsActive>Y</IsActive>
        <Name>Mail send</Name>
        <IsCustomization>Y</IsCustomization>
        <ActionClassName>au.blindmot.mailbtn.action.mail</ActionClassName>
        <ActionName/>
        <KeyStroke_KeyCode>0</KeyStroke_KeyCode>
        <KeyStroke_Modifiers>0</KeyStroke_Modifiers>
        <AD_ToolBarButton_UU>b21b5b67-ec6e-416d-8af8-dbf62f0c5015</AD_ToolBarButton_UU>
        <Action>W</Action>
        <AD_Tab_ID reference="id"/>
        <AD_Process_ID reference="id"/>
        <DisplayLogic>@WindowName@ = Business Partner | @WindowName@ = User</DisplayLogic>
        <SeqNo>300</SeqNo>
        <IsAdvancedButton>N</IsAdvancedButton>
        <IsAddSeparator>Y</IsAddSeparator>
        <EntityType>U</EntityType>
        <IsShowMore>N</IsShowMore>
    </AD_ToolBarButton>
</idempiere>
