<?xml version="1.0" encoding="UTF-8"?><idempiere Name="AD_ToolBarButton" Version="1.0.0" idempiereVersion="4.1.0.qualifier" DataBaseVersion="2016-10-31" Description="" Author="SuperUser" AuthorEmail="philbarnett72@gmail.com" CreatedDate="Mon Jun 12 23:49:45 AEST 2017" UpdatedDate="Mon Jun 12 23:49:45 AEST 2017" PackOutVersion="100" UpdateDictionary="true" Client="0-SYSTEM-System" AD_Client_UU="11237b53-9592-4af1-b3c5-afd216514b5d">
    <AD_ToolBarButton type="table">
        <AD_Client_ID>0</AD_Client_ID>
        <AD_Org_ID>0</AD_Org_ID>
        <ComponentName>mail</ComponentName>
        <IsActive>Y</IsActive>
        <Name>Mail send</Name>
        <IsCustomization>Y</IsCustomization>
        <ActionClassName>au.blindmot.mailbtn.action.mail</ActionClassName>
        <ActionName/>
        <KeyStroke_KeyCode>0</KeyStroke_KeyCode>
        <KeyStroke_Modifiers>0</KeyStroke_Modifiers>
        <AD_ToolBarButton_UU>b21b5b67-ec6e-416d-8af8-dbf62f0c5015</AD_ToolBarButton_UU>
        <Action>W</Action>
        <AD_Tab_ID reference="id"/>
        <AD_Process_ID reference="id"/>
        <DisplayLogic/>
        <SeqNo>0</SeqNo>
        <IsAdvancedButton>N</IsAdvancedButton>
        <IsAddSeparator>Y</IsAddSeparator>
    </AD_ToolBarButton>
</idempiere>
